,created_at,likes,retweets,source,text
0,2020-02-05 08:46:16,6207.0,1680.0,Periscope,Speaking at @DefExpoIndia. Watch. https://t.co/i3qBH5GUeF
1,2020-02-05 06:40:07,28902.0,8396.0,Twitter Media Studio,"Today we take a historic step ahead towards building a grand Ram Temple in Ayodhya! 

It was my honour to address t… https://t.co/uaVfbtbkGU"
2,2020-02-05 05:30:47,8535.0,1672.0,Twitter for iPhone,"Thank you, President @SE_Rajoelina. Connected to Madagascar by the Indian Ocean, India is committed to stand with M… https://t.co/oUT9R5LtZF"
3,2020-02-04 16:08:21,14844.0,3248.0,Twitter for iPhone,Immense enthusiasm at the rally in Dwarka. People from all sections of society came to bless us. https://t.co/Ip23jrB4gc
4,2020-02-04 16:01:33,23447.0,5541.0,Twitter Media Studio,"वोट बैंक की राजनीति, नफरत की राजनीति, गलत इरादों और गलत नीयत के साथ दिल्ली का विकास नहीं किया जा सकता। कांग्रेस और… https://t.co/EyEjdczkzI"
5,2020-02-04 16:01:13,11776.0,3014.0,Twitter Media Studio,"देश की राजधानी दिल्ली का विकास 21वीं सदी की अपेक्षाओं-आकांक्षाओं के मुताबिक होना चाहिए। 

ये तभी संभव हो सकता है, ज… https://t.co/EbvWTsNy7x"
6,2020-02-04 16:00:54,13971.0,3589.0,Twitter Media Studio,"दिल्ली को दोष देने वाली नहीं, दिशा देने वाली सरकार चाहिए।

दिल्ली को उलझाने वाली नहीं, सुलझाने वाली राजनीति चाहिए।… https://t.co/jGnTMh0cgH"
7,2020-02-04 10:55:25,18709.0,4563.0,Periscope,"Speaking at a huge rally in Dwarka, Delhi. Watch. https://t.co/TQPYfhx6tO"
8,2020-02-03 15:18:49,22640.0,5786.0,Twitter Media Studio,"Some people have made parts of Delhi laboratories for their political experiments. 

People are facing inconvenienc… https://t.co/d9RITfRWDN"
9,2020-02-03 15:18:10,13823.0,3860.0,Twitter Media Studio,"They came to change the face of politics but they have been unmasked!

No Lokpal in Delhi.

No desire to bring welf… https://t.co/jDsgu00Vss"
10,2020-02-03 15:17:16,11627.0,3112.0,Twitter Media Studio,The Delhi Government is denying people the benefits of Ayushman Bharat. I fail to understand how they can be so dri… https://t.co/cwktSIrwwj
11,2020-02-03 15:16:05,13358.0,3265.0,Twitter Media Studio,Many decades old problems have been solved and many positive things are happening for the first time... https://t.co/zMt5QO9Jh2
12,2020-02-03 15:15:38,9651.0,2477.0,Twitter Media Studio,"दिल्ली के व्यापारियों के साथ, यहां के कारोबारियों के साथ भाजपा का बहुत करीबी रिश्ता रहा है। भाजपा का हमेशा से प्रया… https://t.co/4UPzd86Wsh"
13,2020-02-03 15:15:18,8301.0,2204.0,Twitter Media Studio,"इस साल के बजट में इंफ्रास्ट्रक्चर, MSME सेक्टर, टेक्स्टाइल और टेक्नोलॉजी पर बहुत ज्यादा जोर दिया गया है। ये सभी दि… https://t.co/DtN2LYPFI2"
14,2020-02-03 15:15:00,9591.0,2530.0,Twitter Media Studio,"दिल्ली में एक बहुत बड़ी समस्या थी, अवैध कॉलोनियों की।

लोगों के आशीर्वाद से हम दशकों पुरानी इस समस्या का समाधान कर… https://t.co/mGYacAG89Z"
15,2020-02-03 15:14:33,20454.0,4842.0,Twitter Media Studio,"दिल्ली सिर्फ एक शहर नहीं है, बल्कि भारत की धरोहर है। ये भारत के भिन्न-भिन्न रंगों को एक जगह समेटे हुए, एक जीवित परं… https://t.co/VEpRLk09LM"
16,2020-02-03 11:06:44,20937.0,5270.0,Periscope,Addressing a huge rally in Delhi. Watch. https://t.co/STOVixCErm
17,2020-02-01 16:28:09,8556.0,1468.0,Twitter for iPhone,We warmly welcome The Maldives in the Commonwealth and look forward to The Maldives playing a larger role in the co… https://t.co/5hEscQrAWa
18,2020-02-01 16:28:08,15351.0,2259.0,Twitter for iPhone,"I heartily congratulate President @ibusolih, Speaker @MohamedNasheed and the people of The Maldives on readmission to the @commonwealthsec."
19,2020-02-01 16:25:49,16326.0,2618.0,Twitter for iPhone,"Happy to have Uzbekistan as Partner Country in the Surajkund Mela, inaugurated by Rashtrapati Ji. 

I sincerely tha… https://t.co/eeAaQJ5MZx"
20,2020-02-01 13:51:23,12892.0,2894.0,Twitter for iPhone,"Steps like establishing a common online exam for government jobs, Kisan Rail and Krishi Udaan are going to have lon… https://t.co/CvFck9GjAr"
21,2020-02-01 13:50:42,13773.0,2951.0,Twitter for iPhone,"The #JanJanKaBudget strives to reduce the tax burden and put more money in the hands of the common man. 

With meas… https://t.co/zhbrkqbbCI"
22,2020-02-01 13:49:21,12344.0,2767.0,Twitter for iPhone,"#JanJanKaBudget places immense faith in India’s youth. That is why there is emphasis on MSME sector, skill developm… https://t.co/wELVopsmBV"
23,2020-02-01 13:48:14,16412.0,3344.0,Twitter for iPhone,#JanJanKaBudget includes many reforms. It also lays out a plan to boost employment generation in important sectors… https://t.co/xi0ewiqoGQ
24,2020-02-01 13:47:13,34459.0,5806.0,Twitter for iPhone,The first Budget of this new decade is a #JanJanKaBudget. It combines futuristic vision with a definitive action pl… https://t.co/dY8yhEv0kN
25,2020-02-01 11:30:53,20528.0,4962.0,Periscope,Sharing my views on the #JanJanKaBudget https://t.co/ipsAaMO0lJ
26,2020-02-01 02:38:53,35499.0,5089.0,Twitter for iPhone,Greetings to the Indian Coast Guard on their Foundation Day. Our Coast Guard has made a mark due to their remarkabl… https://t.co/tRPCs9JDRv
27,2020-01-31 14:11:57,21097.0,3572.0,Twitter for iPhone,"Had an excellent meeting with the NDA family. 

Our alliance represents India’s diversity and dynamism. NDA has mad… https://t.co/XMkawno1WC"
28,2020-01-31 14:05:22,30159.0,3940.0,Twitter for iPhone,Met senior BJP leaders at the start of the Budget Session. https://t.co/Sz9CV2FAUg
29,2020-01-31 10:54:17,7623.0,1719.0,Twitter for iPhone,"Rashtrapati Ji also highlighted India’s rising stature at the world stage, how our nation has overcome challenges p… https://t.co/1GeIfXsWPJ"
30,2020-01-31 10:53:01,17194.0,3338.0,Twitter for iPhone,"In his speech to both Houses of Parliament, Rashtrapati Ji lucidly highlighted India’s successes in a wide range of… https://t.co/epBgDzZlDq"
31,2020-01-31 10:50:48,17469.0,3765.0,Twitter for iPhone,The #EconomicSurvey 2019-20 focuses on wealth-creation for 130 crore Indians. It outlines a multi-faceted strategy… https://t.co/vizqdJl7Wt
32,2020-01-31 05:02:12,24070.0,4980.0,Periscope,Speaking at the start of the Budget Session of Parliament. https://t.co/CIMbUsXOVV
33,2020-01-30 13:37:32,32374.0,4910.0,Twitter for iPhone,"תודה רבה ידידי ראשה הממשלה @netanyahu
הקשר בין הודו לישראל חזק מאוד. מדינותינו משתפות פעולה באופן נרחב ביניהן ובפור… https://t.co/S6sTQqnfK6"
34,2020-01-30 12:59:17,29398.0,3935.0,Twitter for iPhone,Attended an all party meeting before the start of the budget session in parliament. https://t.co/vwpEzk7L4L
35,2020-01-30 09:03:11,17606.0,3431.0,Twitter for iPhone,"बोडो साथियों के साथ समझौता असम के अन्य समुदायों के हितों की रक्षा करते हुए किया गया है। इसमें सभी की जीत हुई है, मा… https://t.co/xjUt4n2Cf8"
36,2020-01-30 09:02:46,8294.0,1821.0,Twitter for iPhone,The accord with our Bodo friends was made while protecting the interest of other communities of Assam. This is a vi… https://t.co/dYTNDoswK5
37,2020-01-30 09:01:30,5175.0,1047.0,Twitter for iPhone,বড়ো সংগঠনৰ সৈতে হোৱা বুজাবুজিয়ে অসমৰ অন্য সম্প্ৰদায়সমূহৰো স্বাৰ্থ সুৰক্ষিত কৰিব। ইয়াৰ ফলত সকলোৰে লগতে মানৱতাৰ জ… https://t.co/MbxJLHpx33
38,2020-01-30 09:00:22,9564.0,2061.0,Twitter for iPhone,"बोडो संगठनों के साथ हुआ समझौता, असम के साथ ही देश के अन्य हिंसा प्रभावित क्षेत्रों के लिए भी एक संदेश है। हिंसा और… https://t.co/3gpyQDo6QJ"
39,2020-01-30 09:00:03,6179.0,1452.0,Twitter for iPhone,The accord with our Bodo friends is a message to Assam &amp; other violence affected parts of the country.Nation's deve… https://t.co/h1BPqluoxQ
40,2020-01-30 08:57:47,4735.0,1047.0,Twitter for iPhone,বড়ো সংগঠনৰ সৈতে হোৱা বুজাবুজিয়ে অসমৰ লগতে দেশৰ অন্য হিংসা প্ৰভাৱিত অঞ্চলসমূহলৈ ইতিবাচক বাৰ্তা প্ৰেৰণ কৰিছে। হিংসা… https://t.co/9lFxKtyjFP
41,2020-01-30 08:57:27,8919.0,1786.0,Twitter for iPhone,पूज्य बापू की पुण्यतिथि पर आज असम में 5 दशकों से चली आ रही समस्या का समाधान हुआ है। बोडो संगठनों और सरकार के बीच हु… https://t.co/934CRD55CC
42,2020-01-30 08:57:05,6735.0,1609.0,Twitter for iPhone,The 5 decade old Bodo issue finds resolution on the Punyatithi of Pujya Bapu today. The accord between the Bodo gro… https://t.co/ZfhHwUaLHX
43,2020-01-30 08:56:02,4470.0,941.0,Twitter for iPhone,বাপুজীৰ এই পুণ্য তিথিত অসমত যোৱা ৫ দশক ধৰি চলি অহা বড়ো সমস্যাৰ সমাধান হৈছে। বড়ো সংগঠন আৰু চৰকাৰৰ মাজত হোৱা বুজাবু… https://t.co/JVCdFDQP2e
44,2020-01-30 08:55:05,11050.0,2322.0,Twitter for iPhone,"बोडो साथियों द्वारा शांति का मार्ग अपनाना, हर क्षेत्र के लिए संदेश है। हिंसा छोड़कर, लोकतंत्र एवं संविधान में आस्था… https://t.co/Mzgx529aGE"
45,2020-01-30 08:54:44,6122.0,1435.0,Twitter for iPhone,Bodo friends joining us on path of peace sends a clear message that solution to issues is possible when we leave pa… https://t.co/6BrfDVUe64
46,2020-01-30 08:54:19,2910.0,735.0,Twitter for iPhone,Ang Boro bithangmwnni gubwi daharao fwinaini unao jouganaikhou orai hasthayw. Sorkara Boro wngswlkhou jougakhang hwnw sotbangsa layw.
47,2020-01-30 08:54:18,8026.0,1413.0,Twitter for iPhone,Boro bithangmwnha gwjwnni lama najaonaya gasibw wnswlni thakhai mwnse bidinthi jabai. Hingsakhou nagarnanwi subung… https://t.co/2yqkWp241A
48,2020-01-30 08:53:42,2463.0,632.0,Twitter for iPhone,आं बर' बिथांमोननि गुबै दाहाराव फैनायनि उनाव जौगानायखौ अराय हास्थायो। सरकारा बर' ओनसोलखौ जौगाखां होनो सतबांसा लायो।
49,2020-01-30 08:53:42,4893.0,994.0,Twitter for iPhone,बर' बिथांमोनहा गोजोननि लामा नाजावनाया गासिबो ओनसोलनि थाखाय मोनसे बिदिन्थि जाबाय। हिंसाखौ नागारनानै सुबुं खान्थि एबा… https://t.co/7uDyrQ9Z9R
50,2020-01-30 08:52:53,8123.0,1840.0,Twitter for iPhone,बोडो संगठनों से ऐतिहासिक समझौते के बाद अब सरकार की सर्वोच्च प्राथमिकता बोडो क्षेत्रों का विकास है। इसके लिए 1500 क… https://t.co/c8vFB7Nc7u
51,2020-01-30 08:52:17,6076.0,1426.0,Twitter for iPhone,"After signing this historic agreement with Bodo organizations, foremost priority of our govt is development of Bodo… https://t.co/qZ3mF4ibIb"
52,2020-01-30 08:51:39,3613.0,869.0,Twitter for iPhone,"Boro bithangmwnni jiu khangnaiya jahathe gwrlwi jayw, sorkarni bithangkhiphwrkhou biswrw thwjase mwnnw hayw, beni s… https://t.co/fROyDRDEpI"
53,2020-01-30 08:51:37,10695.0,2127.0,Twitter for iPhone,Boroni afadphwrjwng jariminari gwrwbtha khalamnaini unao da sorkarni sigangsin habayanw jabai Boro wnswlkhou jougah… https://t.co/5CwRsJfpRZ
54,2020-01-30 08:51:00,2310.0,601.0,Twitter for iPhone,"बर' बिथांमोननि जिउ खांनाया जाहाथे गोरलै जायो, सरकारनि बिथांखिफोरखौ बिसोरो थोजासे मोननो हायो, बेनि सायावबो जर'खायै नाजानाय जागोन।"
55,2020-01-30 08:50:57,4783.0,949.0,Twitter for iPhone,बर'नि आफादफोरजों जारिमिनारि गोरोबथा खालामनायनि उनाव दा सरकारनि सिगांसिन हाबायानो जाबाय बर' ओनसोलखौ जौगा होनाय। बेनि… https://t.co/fwU6J50Tzg
56,2020-01-30 08:49:45,8445.0,1628.0,Twitter for iPhone,पूज्य बापू की पुण्यतिथि पर असम में शांति और विकास का ऐतिहासिक और नवीन अध्याय जुड़ा है। करीब 50 साल के लंबे इंतजार… https://t.co/4CUZqvqqnH
57,2020-01-30 08:49:00,5773.0,1213.0,Twitter for iPhone,"As India remembers Pujya Bapu on his Punya Tithi, Assam is witnessing a historic chapter for peace and development.… https://t.co/JGBnMmr1Q7"
58,2020-01-30 08:48:18,2581.0,640.0,Twitter for iPhone,"Be gwrwbthaya Boro wnswlao jougathai labwnaijwng lwgwse Assamni khousethikhou gwkhrwngsin khalamgwn, Assamni eunkho… https://t.co/iMApVKfb8j"
59,2020-01-30 08:48:17,7127.0,1320.0,Twitter for iPhone,Phujinang Bapuni gwthar rungsari sanao Assamao gwjwn arw jariminari jougathai arw gwdan aidaya dajabder jabaobai. P… https://t.co/fQPEucI1Jz
60,2020-01-30 08:47:43,2402.0,591.0,Twitter for iPhone,"बे गोरोबथाया बर' ओनसोलाव जौगाथाय लाबोनायजों लोगोसे आसामनि खौसेथिखौ गोख्रोंसिन खालामगोन, आसामनि इयुनखौ आरोबाव गोजोंसिन खालामगोन।"
61,2020-01-30 08:47:42,5801.0,1091.0,Twitter for iPhone,फुजिनां बापुनि गोथार रुंसारि सानाव आसामाव गोजोन आरो जारिमिनारि जौगायथाय आरो गोदान आयदाया दाजाबदेर जाबावबाय। फ्राय 5… https://t.co/ZVz2xCLqAZ
62,2020-01-30 07:59:46,9803.0,1675.0,Twitter for iPhone,The award is a token of affection from 130 crore Indians to the Rt Hon Sir @AJugnauth for his continuous efforts to… https://t.co/5UD5eDW6yx
63,2020-01-30 04:13:11,14845.0,2200.0,Twitter for iPhone,Best wishes to Shri @PrakashJavdekar Ji on his birthday. He is widely admired for his down-to-earth and affable nat… https://t.co/JQe5nMO56K
64,2020-01-30 04:12:11,36991.0,6219.0,Twitter for iPhone,प्रकृति के नव हर्ष और नव उत्कर्ष से जुड़े पर्व बसंत पंचमी की सभी देशवासियों को हार्दिक बधाई। विद्यादायिनी मां सरस्व… https://t.co/OrVvdUurHV
65,2020-01-30 04:04:57,45549.0,5751.0,Twitter for iPhone,"राष्ट्रपिता महात्मा गांधी की पुण्यतिथि पर उन्हें कोटि-कोटि नमन। पूज्य बापू के व्यक्तित्व, विचार और आदर्श हमें सशक्त… https://t.co/YK3k5cSI4S"
66,2020-01-29 14:47:45,43287.0,5832.0,Twitter for iPhone,Attended the splendid ‘Beating Retreat’ Ceremony. Here are some glimpses. https://t.co/BX3FVHZqju
67,2020-01-28 14:39:23,14532.0,2939.0,Twitter for iPhone,"Addressed the Global Potato Conclave at Gandhinagar via video-conferencing. 

Shared how Indian farmers are taking… https://t.co/ZXhwJhW5hT"
68,2020-01-28 14:26:14,20399.0,4685.0,Twitter Media Studio,"दिल्ली में 1700 से ज्यादा कॉलोनियों में रहने वाले लोगों को दशकों तक उनके घरों का मालिकाना हक नहीं मिला था।
 
ये न्… https://t.co/v8n53ImMeh"
69,2020-01-28 14:23:31,17375.0,4369.0,Twitter Media Studio,"दशकों पुरानी समस्याओं को सुलझा रही हमारी सरकार के फैसले पर जो लोग सांप्रदायिकता का रंग चढ़ा रहे हैं, उनका असली चेह… https://t.co/cLq5D9Fazz"
70,2020-01-28 14:18:33,31674.0,7353.0,Twitter Media Studio,"स्वतंत्र भारत ने पाकिस्तान, बांग्लादेश और अफगानिस्तान में रह गए हिंदुओं, सिखों और अन्य अल्पसंख्यकों से ये वादा किया… https://t.co/Ra3qd6KLth"
71,2020-01-28 14:16:24,15143.0,3558.0,Twitter Media Studio,"सालों तक नॉर्थ ईस्ट के साथ जिस तरह की नीति अपनाई गई, जिस तरह का व्यवहार किया गया, उसे आप भली-भांति जानते हैं।

लेकि… https://t.co/a9PAjutrly"
72,2020-01-28 14:12:50,36576.0,7225.0,Twitter Media Studio,"देश के युवाओं ने तय किया है कि अब समस्याओं को टाला नहीं जाएगा, उनसे टकराया जाएगा, निपटा जाएगा। 

यही है युवा सोच, य… https://t.co/m0SWtQtmqw"
73,2020-01-28 07:36:23,22588.0,4823.0,Periscope,Delighted to be at the NCC Rally. Watch. https://t.co/kg1oedPscd
74,2020-01-28 05:32:04,17282.0,3719.0,Periscope,Addressing the Global Potato Conclave. https://t.co/GIuavRjLtA
75,2020-01-28 02:56:19,62732.0,9695.0,Twitter for iPhone,मां भारती के वीर सपूत पंजाब केसरी लाला लाजपत राय को उनकी जयंती पर शत-शत नमन। देश की आजादी के लिए प्राण न्योछावर कर… https://t.co/5oLdMtW71V
76,2020-01-27 11:50:42,19453.0,3429.0,Twitter Web App,"Excellent idea @AmanKayamHai_ET! 

You may call this a ""small change” but such small acts will have a huge impact i… https://t.co/46MSARhwRO"
77,2020-01-27 11:49:40,15402.0,2685.0,Twitter Web App,"Extremely touched by the lovely #RepublicDay wishes @PMBhutan!

You have wonderfully highlighted the unbreakable bo… https://t.co/9RZBawTKS3"
78,2020-01-27 11:20:21,16615.0,3511.0,Twitter Web App,"The Accord with Bodo groups will further protect and popularise the unique culture of the Bodo people. 

They will… https://t.co/1mFoTMESK9"
79,2020-01-27 11:19:48,15917.0,3407.0,Twitter Web App,"Bodo Accord inked today stands out for many reasons. 

It successfully brings together the leading stakeholders und… https://t.co/F9WpV5ggMf"
80,2020-01-27 11:19:15,13292.0,2868.0,Twitter Web App,"Ushering in a new dawn of peace, harmony and togetherness!

Today is a very special day for India. 

The Accord wit… https://t.co/FGzHeEBV7N"
81,2020-01-27 03:00:43,15470.0,2497.0,Twitter for iPhone,"Thank you for the thoughtful #RepublicDay wishes, @PresidentRuvi. 

India and Israel will keep working together and… https://t.co/EKihZXUUED"
82,2020-01-27 02:59:45,18404.0,2125.0,Twitter for iPhone,Birthday wishes to Meghalaya’s Chief Minister Mr. @SangmaConrad. Wishing him a long and healthy life in service of the people.
83,2020-01-26 15:22:36,24646.0,5088.0,Twitter Media Studio,"Recent surrenders of militants in Assam and Tripura are welcome steps. 

I appeal to youth in the Northeast associa… https://t.co/et65vqe8Z6"
84,2020-01-26 15:19:43,11825.0,2750.0,Twitter Media Studio,"Rise of the people’s Padma!

Celebrating unsung heroes and outstanding achievements of those working at the grassro… https://t.co/438itaqyKy"
85,2020-01-26 15:18:34,13250.0,2942.0,Twitter Media Studio,"For almost 25 years, thousands of people belonging to the Bru-Reang community had to live in uncomfortable and inhu… https://t.co/gNYE9mGxdw"
86,2020-01-26 15:15:57,8734.0,2023.0,Twitter Media Studio,"During #MannKiBaat today, I thanked the people of Assam. Here is why... https://t.co/2tLGI9ffn5"
87,2020-01-26 15:15:28,10529.0,2262.0,Twitter Media Studio,"Let us celebrate those who work towards water conservation. 

Use #JalShakti4India and share efforts towards conser… https://t.co/mCMEmLaKYS"
88,2020-01-26 15:14:30,10293.0,2297.0,Twitter Media Studio,When I first read the ‘#MannKiBaat Charter’ I was happy. It showed how an avid listener has brilliantly encapsulate… https://t.co/OdOzeKFjBe
89,2020-01-26 12:30:17,20234.0,4535.0,Periscope,2020’s first #MannKiBaat. Tune in. https://t.co/THsN1jZl1K
90,2020-01-26 09:54:36,21634.0,4086.0,Twitter Web App,"This morning, on #RepublicDay, paid homage at the National War Memorial.

India will always be grateful to the brav… https://t.co/QzQ4w38i3e"
91,2020-01-26 09:42:33,16709.0,3328.0,Twitter Web App,Some more glimpses from Rajpath today. #RepublicDay https://t.co/qIdn9JsuHU
92,2020-01-26 09:40:52,34118.0,5367.0,Twitter Web App,"India’s diversity strengthens us.

We are proud that so many cultures live happily in India.

We saw some glimpses… https://t.co/rWIWyiBs2h"
93,2020-01-26 09:37:51,17342.0,3615.0,Twitter Web App,"On #RepublicDay, we see glimpses of India’s military and security prowess. 

Our forces are among the most professi… https://t.co/rmHhvNg0SF"
94,2020-01-26 09:34:14,16689.0,3288.0,Twitter for iPhone,"Here are some glimpses from the #RepublicDay Parade.

This is a day to remember the remarkable individuals who gave… https://t.co/JqkkzRbIhl"
95,2020-01-26 08:38:26,13636.0,2331.0,Twitter for iPhone,"Thank you the greetings on India’s #RepublicDay, President @ibusolih. 

It is a matter of immense delight that frie… https://t.co/sz2gCX4cZQ"
96,2020-01-26 08:37:26,14856.0,2208.0,Twitter for iPhone,"Thank you PM Mahinda Rajapaksa for the #RepublicDay wishes. 

India cherishes the deep rooted friendship with Sri L… https://t.co/UP6aGNSg7V"
97,2020-01-26 01:41:25,138268.0,22655.0,Twitter for iPhone,"Wishing everyone a happy #RepublicDay. 

सभी देशवासियों को गणतंत्र दिवस की बहुत-बहुत बधाई। 

जय हिंद!"
98,2020-01-25 15:42:03,44404.0,7415.0,Twitter for iPhone,Congratulations to all those who have been conferred the Padma Awards. The awardees include extraordinary individua… https://t.co/LcAUKQBi5r
99,2020-01-25 13:12:59,17712.0,3636.0,Twitter for iPhone,"2020’s first #MannKiBaat will take place tomorrow, on Republic Day. 

Keeping in mind the Republic Day celebrations… https://t.co/Z2qrhyOxdO"
100,2020-01-25 13:02:39,23964.0,4160.0,Twitter for iPhone,"Apart from robust bilateral cooperation, India and Brazil are also working together at various multilateral forums.… https://t.co/0M7BcPzZPo"
101,2020-01-25 13:01:13,9416.0,1946.0,Twitter for iPhone,"Today’s talks with President @jairbolsonaro covered sectors such as energy, healthcare, technology, animal husbandr… https://t.co/KJqDevrHA8"
102,2020-01-25 12:59:15,12606.0,2344.0,Twitter for iPhone,"Today’s meeting with President @jairbolsonaro is our third in the last eight months. 

This reflects the topmost pr… https://t.co/8ValJaZfZO"
103,2020-01-25 12:57:20,4711.0,1064.0,Twitter for iPhone,"Além da forte cooperação bilateral, a Índia e o Brasil estão, também, trabalhando juntos em vários fóruns multilate… https://t.co/XgnPxJNOoR"
104,2020-01-25 12:57:15,4954.0,1080.0,Twitter for iPhone,"Hoje as conversas com o presidente @jairbolsonaro cobriram setores como: energia, saúde, tecnologia, pecuária e out… https://t.co/re4bGJATfN"
105,2020-01-25 12:57:12,1801.0,384.0,Twitter for iPhone,Foi com alegria que o presidente Bolsonaro agraciou nossas celebrações do Dia da República como convidado principal.
106,2020-01-25 12:57:11,12269.0,2464.0,Twitter for iPhone,"Hoje a reunião com o presidente @jairbolsonaro é a nossa terceira dos últimos oito meses. 
Isso reflete a prioridad… https://t.co/DLfcENJUGi"
107,2020-01-25 07:49:51,16368.0,3684.0,Periscope,Addressing the press with President @jairbolsonaro. Watch. https://t.co/4f4pJscRnq
108,2020-01-25 05:48:16,24692.0,3981.0,Twitter for iPhone,"हिमाचल प्रदेश के सभी निवासियों को 50वें पूर्ण राज्यत्व दिवस की बहुत-बहुत बधाई। अपने गौरवशाली इतिहास, समृद्ध सांस्कृ… https://t.co/MrJhiuUMJ8"
109,2020-01-25 04:35:40,23763.0,4188.0,Twitter for iPhone,"Greetings on National Voters Day. 

We express gratitude to ECI for their many efforts towards making our electoral… https://t.co/aXtUPS7Pqv"
110,2020-01-24 15:47:18,43190.0,9522.0,Twitter Media Studio,भारत का मतलब है... https://t.co/UJTrNPnfZt
111,2020-01-24 15:45:17,13332.0,2753.0,Twitter for iPhone,"The colours of India!

Delighted to interact with young friends from all over the nation. They would be taking part… https://t.co/SgD3LxwEP5"
112,2020-01-24 15:37:10,7215.0,1604.0,Twitter for iPhone,उत्तर प्रदेश ने मुख्यमंत्री श्री योगी आदित्यनाथ जी के कुशल नेतृत्व में प्रगति के नए-नए आयाम स्थापित किए हैं। राज्य… https://t.co/0vNJqKWPrp
113,2020-01-24 15:37:09,20410.0,3670.0,Twitter for iPhone,"अध्यात्म, शिक्षा और कला-संस्कृति की विरासत से समृद्ध उत्तर प्रदेश के सभी लोगों को राज्य के स्थापना दिवस की बहुत-बहु… https://t.co/LwrCOk4dCz"
114,2020-01-24 14:28:41,13404.0,2306.0,Twitter for iPhone,"A warm welcome to President @jairbolsonaro! 

We are delighted to host him and we look forward to his taking part i… https://t.co/c472fgNUwK"
115,2020-01-24 14:26:55,7672.0,1686.0,Twitter for iPhone,"Calorosas boas-vindas ao presidente @jairbolsonaro! 

A Índia está feliz em recêbo-lo e nós esperamos ansiosamente… https://t.co/AhrjnMFTYQ"
116,2020-01-24 14:24:19,10020.0,1965.0,Twitter for iPhone,"Samanyu Pothuraju’s achievements in mountain climbing are extraordinary. Interacting with him, I got to know that h… https://t.co/1CAwR40j0H"
117,2020-01-24 13:43:27,7031.0,1512.0,Twitter for iPhone,"Tanish Goel personifies the spirit of hardwork, dedication and innovation. His passion towards saving lives is evid… https://t.co/eRWSWfgzqw"
118,2020-01-24 13:42:24,6519.0,1544.0,Twitter for iPhone,Suneetha Murje Prabhu is making a valuable contribution as far as lowering vector borne diseases in India is concer… https://t.co/zXL3U59vFF
119,2020-01-24 13:41:09,5709.0,1373.0,Twitter for iPhone,"Sivabharathi Anbu Bharathi is doing excellent work in agriculture, particularly helping rice farmers. 

He has achi… https://t.co/jkMBak6PtM"
120,2020-01-24 13:40:10,5101.0,1266.0,Twitter for iPhone,"Saving people from floods and frauds….this is what Sagnik Anupam is passionate about.

He has effectively used tech… https://t.co/rrWwICMpdC"
121,2020-01-24 13:38:43,6531.0,1468.0,Twitter for iPhone,Richard Joseph is amazing! He has provided an affordable and environment friendly solution to controlling pests. Hi… https://t.co/9GEm3pLxJ4
122,2020-01-24 13:37:41,5072.0,1288.0,Twitter for iPhone,Raghav Puri’s works include using AI to ensure better study of history as well as a project to help Alzheimer’s pat… https://t.co/6aQbhCbXMi
123,2020-01-24 13:36:35,5788.0,1344.0,Twitter for iPhone,Parth Bansal is a compassionate innovator. He may have made the ‘Utility Stick’ for his grandmother but in the comi… https://t.co/XMdmv0TXa8
124,2020-01-24 13:34:24,5788.0,1302.0,Twitter for iPhone,"The fantastic Paritosh Dahiya has brought children and technology even more closer. 

He is a worthy recipient of t… https://t.co/8BbCcywGXx"
125,2020-01-24 13:32:21,6446.0,1493.0,Twitter for iPhone,"My young friend Hridayeshwar Singh Bhati’s life journey motivates us all. 

He did not let setbacks deter him. His… https://t.co/yIihXJuSCO"
126,2020-01-24 13:30:36,5751.0,1332.0,Twitter for iPhone,"Harnessing India’s sporting talent by leveraging the power of technology! 

Many budding footballers will thank Arj… https://t.co/wQXaR9k1NR"
127,2020-01-24 13:28:12,10387.0,1876.0,Twitter for iPhone,"I am delighted that the very talented Harshita Arora has been conferred the Bal Shakti Puraskar 2020!

She has been… https://t.co/J4ClaeziPW"
128,2020-01-24 13:20:18,7294.0,1657.0,Twitter for iPhone,"A wonderful fusion of innovation and safety of women, as well as concern towards welfare of children! 

Aparna Chan… https://t.co/ZX6jjAhj0v"
129,2020-01-24 13:18:47,5506.0,1269.0,Twitter for iPhone,Kudos to my young friend Harsh Agrawal on being conferred the Bal Shakti Puraskar 2020. His pathbreaking work in th… https://t.co/ND9YG7uxQg
130,2020-01-24 13:17:49,6505.0,1455.0,Twitter for iPhone,"Our Yuva Shakti is contributing towards a healthier India! 

Meet the dynamic Anmol Rathi, who has worked on an aff… https://t.co/LEL7vW3s3g"
131,2020-01-24 13:10:50,8818.0,1852.0,Twitter Web App,"Can you imagine winning the Mathematics Genius Award, bagging gold medals at international Olympiads successively a… https://t.co/bOefBGGaO0"
132,2020-01-24 13:09:54,4868.0,1239.0,Twitter Web App,Young Venkatasubramanian did not allow any barriers to hold his spirit back. He has won medals in national abacus c… https://t.co/bcMWuIJXIG
133,2020-01-24 13:09:08,5410.0,1332.0,Twitter Web App,"Be it English Olympiad, Geogenius Olympiad or Science Olypiad, young Siddharth Kumar Gopal excels in all of them. S… https://t.co/q8XTq8TZzi"
134,2020-01-24 13:08:22,6912.0,1527.0,Twitter Web App,"Meet Onkar Singh, who wrote ‘When The Time Stops’, a book on theoretical physics at a rather young age. Congratulat… https://t.co/TqTIF9ReuH"
135,2020-01-24 13:07:13,5382.0,1342.0,Twitter Web App,"Winning Hong Kong Mathematics Olympiad- check.

Topping the International Society for Olympiad's competitions- chec… https://t.co/7YSq5ugxH6"
136,2020-01-24 13:06:14,7632.0,1668.0,Twitter Web App,Youngsters like Devesh Pankaj Bhaiya are the reason for my optimism about India. He is just 12 and has already writ… https://t.co/fqR0w1eaJc
137,2020-01-24 13:05:02,6014.0,1422.0,Twitter Web App,"Meet my friend Chirag Falor, a Bal Puraskar awardee. Winner of national and international math and science competit… https://t.co/D62Bzi5wDj"
138,2020-01-24 13:03:31,7223.0,1504.0,Twitter Web App,Sukriti Chiripal works with less privileged children in many cities through her NGO and encourages as well as helps… https://t.co/ifDp3eJ2dR
139,2020-01-24 13:02:12,5837.0,1389.0,Twitter Web App,"When youthful energy meets social awareness and a zeal to do something meaningful, we get young leaders like Shaury… https://t.co/xF79gyQ4Oy"
140,2020-01-24 13:00:54,6449.0,1428.0,Twitter Web App,"Parth Sarthi has displayed immense persistence and compassion. Using technology, he has helped reunite many familie… https://t.co/AMKNxhtvOp"
141,2020-01-24 12:59:56,8598.0,1609.0,Twitter Web App,Youngsters like Parikul Bhardwaj are setting an example of leadership and selfless service towards society. As a st… https://t.co/HaADbquWFd
142,2020-01-24 12:58:23,5977.0,1397.0,Twitter Web App,"Meet the talented Yash Aradhya S from Karnataka, who has shown immense potential in the field of motorsports. In ju… https://t.co/IRRwr4mMhS"
143,2020-01-24 12:57:35,4611.0,1172.0,Twitter Web App,"Vinayak Bahadur’s exemplary skills in Badminton are an inspiration for many. I was impressed by his will-power, thr… https://t.co/spfHLbJ5rR"
144,2020-01-24 12:56:40,4993.0,1265.0,Twitter Web App,"Great to meet my young friend Sudipti Hajela, who hails from Madhya Pradesh. Her passion towards equestrian events… https://t.co/jWF2Y8SjMh"
145,2020-01-24 12:55:07,5139.0,1270.0,Twitter Web App,Delhi’s Sanchita Tiwari has made India proud on world stage. She is one of the recipients of Bal Shakti Puraskar th… https://t.co/G6EbDYDw1k
146,2020-01-24 12:53:07,5282.0,1247.0,Twitter Web App,"Meet my young friend Rushil Khosla. At a young age of 13 years, he holds the Number 1 rank in Asia Tennis Federatio… https://t.co/7atfpher46"
147,2020-01-24 12:51:22,5883.0,1378.0,Twitter Web App,Haryana’s Prithu Gupta is a master at playing Chess. My young friend has made India proud at a world stage. At the… https://t.co/HJbMOmOXlp
148,2020-01-24 12:50:10,4859.0,1247.0,Twitter Web App,Skiff sailing is not known to many. It is heart-warming to see Pearl Milind Colvalcar excel in this unique area. In… https://t.co/GT3cLvVKbD
149,2020-01-24 12:48:53,6344.0,1413.0,Twitter Web App,"Neha, my young friend from Haryana is an ace boxer. She has made India proud at the global stage. Many congratulati… https://t.co/Vs72epanVB"
150,2020-01-24 12:47:19,6199.0,1370.0,Twitter Web App,"It gave me immense joy to interact with Khushi Hooda, who hails from Haryana. Her commitment to excel at Golf at su… https://t.co/PbjhLNaube"
151,2020-01-24 12:46:00,7486.0,1518.0,Twitter Web App,I congratulate Esha Singh on her phenomenal achievement. She is the youngest national record holder in 10 Meter Air… https://t.co/htbR265w1x
152,2020-01-24 12:44:24,6749.0,1452.0,Twitter Web App,"Met Pema, a great exhibit of selfless bravery in the face of adversity. She helped save lives when the boundary wal… https://t.co/1BeU5mKdZL"
153,2020-01-24 12:41:05,5878.0,1331.0,Twitter Web App,"Akula Sai Samhitha has already won more than 60 medals in Skating! Not only this, she is also the youngest Indian g… https://t.co/pwb2LjriG5"
154,2020-01-24 12:39:49,6219.0,1446.0,Twitter Web App,Was happy to meet Aarushi Sharma who has already made a name for herself at such a young age with her accomplishmen… https://t.co/CPAv5Zhd8v
155,2020-01-24 12:36:44,10118.0,2026.0,Twitter Web App,Was very happy to meet Soumyadip Jana. His act of valour will inspire everyone. Young Soumyadip fought and resisted… https://t.co/tqJBdrI02i
156,2020-01-24 12:35:45,7725.0,1533.0,Twitter Web App,Was wonderful to meet young Lalkansung. He showed tremendous bravery when he fearlessly dived in the pond and rescu… https://t.co/J3BFHPUDop
157,2020-01-24 12:35:13,6250.0,1437.0,Twitter Web App,Ishaan Sharma not only showed indomitable courage but also showed the spirit of ‘Atithi Devo Bhava’ in action when… https://t.co/EZuB7j2zL9
158,2020-01-24 12:31:31,8114.0,1615.0,Twitter Web App,"It was a joyful occasion today when I met Pragun Pudukoli today, who at such a young age is already acknowledged as… https://t.co/THrMoGK4Bw"
159,2020-01-24 12:25:30,6601.0,1475.0,Twitter Web App,I was overjoyed to meet the young budding painter Riya Jain today. Riya has already won global recognition for her… https://t.co/MX5KyPeSFP
160,2020-01-24 12:25:07,5930.0,1401.0,Twitter Web App,It gave me immense happiness to meet young dance maestro Korok Biswas today. He has never let adversity come in the… https://t.co/EgLKqMtJdD
161,2020-01-24 12:24:47,5501.0,1341.0,Twitter Web App,It was a pleasure to meet Gauri Mishra today who enjoys the honour of being among the youngest pianists of India. I… https://t.co/jznLiODr96
162,2020-01-24 12:24:13,6579.0,1499.0,Twitter Web App,"I am pleased to meet the young magician Darsh Malani today. Darsh, who has been creating magic across the world, ha… https://t.co/QghVsldur0"
163,2020-01-24 12:23:42,11060.0,1979.0,Twitter Web App,"Saluting the young music maestro Manoj Atharva Kumar Lohar from Maharashtra. 

I wish him a long life and all succe… https://t.co/lAF1Guv5H4"
164,2020-01-24 12:07:54,14722.0,2930.0,Twitter Web App,"Had a delightful interaction with those who have been awarded the Rashtriya Bal Puraskar, 2020.

India is proud of… https://t.co/TXyYJLS36g"
165,2020-01-24 11:06:59,16423.0,3909.0,Periscope,Interacting with those taking part in our Republic Day celebrations. Watch. https://t.co/YzHGg0yp2b
166,2020-01-24 05:48:15,20260.0,4363.0,Periscope,"Interacting with recipients of Rashtriya Bal Puraskar, 2020. Watch. https://t.co/aMwRIevyIf"
167,2020-01-23 02:54:35,56044.0,8789.0,Twitter for iPhone,"Tributes to the great Balasaheb Thackeray on his Jayanti. Courageous and indomitable, he never hesitated from raisi… https://t.co/KXT7U7wQ9P"
168,2020-01-23 02:53:19,45328.0,10068.0,Twitter Media Studio,India will always remain grateful to Netaji Subhas Chandra Bose for his bravery and indelible contribution to resis… https://t.co/EWE0BIa91w
169,2020-01-23 02:50:28,36727.0,8480.0,Twitter for iPhone,"On 23rd January 1897, Janakinath Bose wrote in his diary, “A son was born at midday.”

This son became a valorous f… https://t.co/B3sHSTU7Nm"
170,2020-01-22 14:32:04,8025.0,1649.0,Twitter Web App,"In line with our focus on speedy and timely completion of projects, we reviewed eleven key projects.

There were al… https://t.co/ktKEHEmdmU"
171,2020-01-22 14:32:04,20547.0,3623.0,Twitter Web App,"We had an excellent Pragati Session today, during which a wide range of policy initiatives and development projects… https://t.co/FXRRUA39H2"
172,2020-01-22 03:31:55,23052.0,4231.0,Twitter for iPhone,"Exams, motivation, demotivation, importance of co-curricular activities and more...

Do hear ‘Pariksha Pe Charcha 2… https://t.co/jx0QgJWy1n"
173,2020-01-21 14:33:32,26655.0,3924.0,Twitter for iPhone,I congratulate the people of India and Nepal on the inauguration of the second Integrated Check Post at Jogbani-Bir… https://t.co/woFL9aUDdH
174,2020-01-21 05:46:12,22773.0,4741.0,Periscope,Boosting friendship with Nepal. Watch. https://t.co/tVLuJcCMcO
175,2020-01-21 04:23:12,20980.0,3452.0,Twitter for iPhone,Statehood Day greetings to my sisters and brothers of Tripura. We are proud of Tripura’s exemplary traditions and c… https://t.co/1ph22Wdh2H
176,2020-01-21 04:21:55,14361.0,2556.0,Twitter for iPhone,Best wishes to the people of Meghalaya on their Statehood Day. The people of Meghalaya are known for their kind and… https://t.co/3GcbhpWTvG
177,2020-01-21 04:20:48,16665.0,2836.0,Twitter for iPhone,"On Manipur’s Statehood Day, my greetings to the people of the wonderful state. Manipur is known for its vibrant cul… https://t.co/03Ejl1lBGV"
178,2020-01-20 14:35:10,27431.0,4653.0,Twitter for iPhone,"I thank my young friends, their parents and outstanding teachers for joining today’s ‘Pariksha Pe Charcha.’

Being… https://t.co/lrg30p6BIL"
179,2020-01-20 14:33:32,22476.0,4389.0,Twitter for iPhone,"As an early riser (by habit) and a late sleeper (due to work), I am not the ideal person to talk about sleep habits… https://t.co/VJkSzn6rJg"
180,2020-01-20 14:32:28,10234.0,2226.0,Twitter Media Studio,The big burden of expectations and how our youth could deal with it… https://t.co/egTiK9UwhS
181,2020-01-20 14:32:00,10834.0,2276.0,Twitter for iPhone,"I am pleased that my young friend from Arunachal Pradesh asked me a question on Fundamental Duties.

You must hear… https://t.co/B852Zilodf"
182,2020-01-20 14:31:24,7158.0,1771.0,Twitter for iPhone,"Technology and gadgets- boon or bane?

A topic with strong views on both sides…

This is what we discussed about te… https://t.co/PJm639wo5W"
183,2020-01-20 14:30:05,8622.0,1996.0,Twitter for iPhone,"India’s youth is passionate and talented. 

Their passion cannot become a fashion statement for parents! 

May our… https://t.co/YFFZcchSJZ"
184,2020-01-20 14:29:35,11008.0,2602.0,Twitter Media Studio,"A few marks cannot define success and failure.

The world has changed a lot.

Opportunities are numerous.

Find you… https://t.co/BI3x21bwC2"
185,2020-01-20 14:28:50,9115.0,1985.0,Twitter for iPhone,"Exams means mood off…

A simple question by my young friends, to which I talked about motivation, demotivation and… https://t.co/amAqtbNT3K"
186,2020-01-20 14:27:29,21159.0,3749.0,Twitter for iPhone,"जब पूरा समाज एकजुट होकर आगे बढ़ता है, तभी सकारात्मक परिवर्तन आता है। 

जन जागरण के इस अभियान के लिए मैं बिहार की जन… https://t.co/ta7sn7sJhw"
187,2020-01-20 11:16:36,13399.0,3397.0,Periscope,Speaking at the BJP headquarters in Delhi. Watch. https://t.co/E61B7OHSP8
188,2020-01-20 11:00:13,57943.0,10146.0,Twitter Web App,I do not think words can do justice to the rich contribution of @AmitShah Ji as @BJP4India President. During his Pr… https://t.co/rrQxHHQGgg
189,2020-01-20 10:59:36,6690.0,1608.0,Twitter Web App,"Be it as a young Party Karyakarta, MLA, Minister in Himachal Pradesh or Organisational duties at the Centre, MP and… https://t.co/Sqze5utV34"
190,2020-01-20 10:59:36,25052.0,4609.0,Twitter Web App,Congratulations to Shri @JPNadda Ji on being elected @BJP4India President. Wishing him the very best for his tenure… https://t.co/3UB9MU7Opx
191,2020-01-20 05:53:17,27943.0,7549.0,Periscope,Amazing #ParikshaPeCharcha2020 programme. Watch. https://t.co/t3S6ckqrX1
192,2020-01-20 04:45:59,15522.0,3426.0,Twitter for iPhone,"Eagerly awaiting today’s #ParikshaPeCharcha2020! 

It is always a delight to connect with India’s youth. Their ener… https://t.co/jB56ZreYZe"
193,2020-01-19 12:25:08,9997.0,2306.0,Twitter for iPhone,"Discussion on exams, @examwarriors and the ‘Pariksha Pe Charcha’ are a part of an endeavour to support our dynamic… https://t.co/Mfia1vo7jj"
194,2020-01-19 12:25:08,10459.0,2126.0,Twitter for iPhone,"In the run up to ‘Pariksha Pe Charcha 2020’, lakhs of students, parents and teachers shared their inputs and sugges… https://t.co/bnIH30SlfD"
195,2020-01-19 12:25:04,37573.0,6363.0,Twitter for iPhone,"11 AM, 20th January...

We will once again have extensive discussions and insightful conversations on a wide range… https://t.co/jJpuilcVgY"
196,2020-01-18 14:42:42,66733.0,8358.0,Twitter for iPhone,The news of @AzmiShabana Ji’s injury in an accident is distressing. I pray for her quick recovery.
197,2020-01-18 10:58:19,27652.0,3959.0,Twitter for iPhone,Anguished by the passing away of Shri Ashwini Kumar Chopra Ji. He will be remembered for his contribution to the me… https://t.co/S3QFUEAG7G
198,2020-01-16 16:35:21,37089.0,6989.0,Twitter for iPhone,"Committed to the development of the Northeast and it’s citizens!

Today’s agreement will greatly help the Bru-Reang… https://t.co/YHOtxmCsRW"
199,2020-01-16 11:05:50,23339.0,5313.0,Periscope,Speaking on 'Globalising Indian Thought.' Watch https://t.co/Ta82teOBXS
